,City,Lat,Lng,Max Temp,Humidity,Cloudiness,Wind Speed,Country,Date
0,east london,-33.02,27.91,59.29,69,0,7.7,ZA,1596058764
1,busselton,-33.65,115.33,46.99,92,79,5.19,AU,1596058750
2,hilo,19.73,-155.09,82.4,58,1,8.05,US,1596058761
3,mount pleasant,32.79,-79.86,90.0,70,1,16.11,US,1596058835
4,jamestown,42.1,-79.24,75.99,78,90,6.93,US,1596058754
5,lyuban,52.8,28.0,58.75,89,0,6.15,BY,1596059074
6,riberalta,-10.98,-66.1,85.33,45,65,3.58,BO,1596059074
7,upernavik,72.79,-56.15,43.2,87,49,5.35,GL,1596058762
8,castro,-24.79,-50.01,55.26,97,100,5.97,BR,1596058762
9,marfino,55.7,37.38,70.0,82,99,6.71,RU,1596058861
10,rikitea,-23.12,-134.97,73.13,82,61,14.36,PF,1596058751
11,pagudpud,18.56,120.79,80.6,88,90,2.24,PH,1596059075
12,skibbereen,51.55,-9.27,59.0,93,75,11.41,IE,1596059075
13,pitimbu,-7.47,-34.81,73.4,94,75,8.05,BR,1596059075
14,mwinilunga,-11.74,24.43,55.36,48,0,4.56,ZM,1596059075
15,lompoc,34.64,-120.46,71.01,72,6,16.11,US,1596059076
16,barrow,71.29,-156.79,44.6,81,90,25.28,US,1596058778
17,liusha,27.21,108.59,67.84,98,57,1.14,CN,1596059076
18,aksarka,66.56,67.8,45.55,92,90,6.42,RU,1596059076
19,mataura,-46.19,168.86,50.54,80,100,3.51,NZ,1596058750
20,tiksi,71.69,128.87,40.06,86,100,7.81,RU,1596058772
21,hobart,-42.88,147.33,46.0,70,20,9.17,AU,1596058574
22,sao jose de ribamar,-2.56,-44.05,82.4,78,20,8.05,BR,1596059077
23,mata,40.68,-7.46,70.0,70,0,3.11,PT,1596059077
24,puerto ayora,-0.74,-90.35,75.2,64,20,21.92,EC,1596058754
25,albany,42.6,-73.97,86.0,42,12,4.14,US,1596058502
26,sakaiminato,35.55,133.23,77.0,94,75,5.82,JP,1596059078
27,ponta delgada,37.73,-25.67,71.6,94,75,11.41,PT,1596058675
28,norman wells,65.28,-126.83,60.8,82,90,6.93,CA,1596058615
29,bambous virieux,-20.34,57.76,71.6,83,40,10.29,MU,1596058775
30,conakry,9.54,-13.68,78.58,82,100,16.15,GN,1596058896
31,clyde river,70.47,-68.59,41.0,93,75,12.75,CA,1596058816
32,nadym,65.53,72.52,46.62,94,59,9.22,RU,1596059079
33,ushuaia,-54.8,-68.3,39.2,92,75,28.86,AR,1596058649
34,talnakh,69.49,88.4,57.2,71,44,8.95,RU,1596058774
35,storforshei,66.4,14.52,64.4,68,40,6.93,NO,1596059079
36,goure,13.98,10.27,87.01,58,81,3.0,NE,1596059080
37,chokurdakh,70.63,147.92,44.01,67,69,10.74,RU,1596058765
38,cape town,-33.93,18.42,57.99,100,75,4.7,ZA,1596058760
39,mar del plata,-38.0,-57.56,51.8,57,0,5.82,AR,1596058752
40,vaini,-21.2,-175.2,69.8,77,40,16.11,TO,1596058763
41,manoel urbano,-8.84,-69.26,84.51,57,59,2.86,BR,1596059081
42,la palma,33.85,-118.05,89.01,48,1,5.82,US,1596059081
43,kruisfontein,-34.0,24.73,52.2,70,0,11.16,ZA,1596059081
44,hermanus,-34.42,19.23,59.0,80,11,1.01,ZA,1596058751
45,tasiilaq,65.61,-37.64,44.6,70,71,6.93,GL,1596058792
46,ponta do sol,32.67,-17.1,71.6,64,40,10.29,PT,1596058776
47,ustka,54.58,16.86,59.79,79,35,16.84,PL,1596059081
48,la rioja,42.25,-2.5,78.8,57,0,1.12,ES,1596059082
49,san quintin,30.48,-115.95,74.71,63,1,15.32,MX,1596058842
50,mackay,-21.15,149.2,51.01,93,0,6.93,AU,1596058769
51,saint-leu,-21.15,55.28,66.2,88,36,4.7,RE,1596059082
52,nikolskoye,59.7,30.79,60.8,77,1,4.47,RU,1596058752
53,vila franca do campo,37.72,-25.43,71.6,94,75,11.41,PT,1596058805
54,belle fourche,44.67,-103.85,73.0,67,100,5.99,US,1596059083
55,klaksvik,62.23,-6.59,46.4,93,96,18.34,FO,1596058808
56,arraial do cabo,-22.97,-42.03,73.4,83,75,12.75,BR,1596058770
57,parkes,-33.13,148.18,42.01,91,3,4.29,AU,1596059083
58,saskylakh,71.92,114.08,52.57,69,0,4.41,RU,1596058753
59,patuli,23.55,88.25,80.38,85,100,9.08,IN,1596059084
60,san francisco,37.77,-122.42,71.01,56,20,21.92,US,1596058809
61,akdepe,42.06,59.38,80.6,18,33,9.17,TM,1596059084
62,bethel,41.37,-73.41,89.01,55,1,9.17,US,1596058489
63,mocuba,-16.84,36.99,59.88,92,0,1.74,MZ,1596059085
64,fortuna,40.6,-124.16,70.0,77,28,3.0,US,1596058788
65,geraldton,-28.77,114.6,48.2,87,0,11.41,AU,1596058758
66,ashland,40.82,-82.27,87.8,45,1,12.75,US,1596059085
67,aksha,50.28,113.29,61.27,86,6,0.63,RU,1596059085
68,odlabari,26.83,88.62,77.81,89,100,3.67,IN,1596059085
69,nishihara,26.18,127.76,84.2,89,20,9.17,JP,1596059086
70,bluff,-46.6,168.33,52.74,75,100,13.89,NZ,1596058772
71,muros,42.78,-9.06,73.4,64,0,3.36,ES,1596059086
72,butaritari,3.07,172.79,83.01,75,36,18.1,KI,1596058764
73,matara,5.95,80.54,77.5,90,87,10.76,LK,1596059086
74,amuntai,-2.42,115.25,69.62,93,94,0.65,ID,1596059087
75,tuktoyaktuk,69.45,-133.04,53.6,76,75,8.05,CA,1596058753
76,jumla,29.27,82.18,62.06,71,100,1.52,NP,1596058743
77,ribeira grande,38.52,-28.7,75.2,88,40,16.11,PT,1596058775
78,dikson,73.51,80.55,49.55,75,58,9.01,RU,1596058757
79,arcachon,44.59,-1.05,75.2,68,0,1.12,FR,1596059088
80,berdigestyakh,62.1,126.7,55.08,88,0,4.25,RU,1596059088
81,ahipara,-35.17,173.17,58.12,76,100,12.12,NZ,1596058759
82,provideniya,64.38,-173.3,50.0,87,90,6.71,RU,1596058749
83,cururupu,-1.83,-44.87,75.6,92,8,3.2,BR,1596059088
84,kodiak,57.79,-152.41,62.6,67,1,5.82,US,1596058746
85,berlevag,70.86,29.09,51.8,93,1,19.46,NO,1596058754
86,vanimo,-2.67,141.3,79.41,81,9,5.66,PG,1596059089
87,kapaa,22.08,-159.32,80.01,78,90,16.11,US,1596058752
88,victoria,22.29,114.16,84.0,88,100,4.0,HK,1596058774
89,faanui,-16.48,-151.75,79.54,78,100,18.75,PF,1596058765
90,whitehorse,60.72,-135.05,64.0,59,75,6.93,CA,1596059089
91,krivosheino,57.34,83.93,56.17,98,100,4.27,RU,1596059090
92,carnarvon,-24.87,113.63,55.4,100,0,8.05,AU,1596058758
93,gombe,10.29,11.17,76.08,81,85,13.89,NG,1596059090
94,pringsewu,-5.36,104.97,70.54,93,95,2.26,ID,1596059090
95,saint-augustin,51.23,-58.65,62.24,71,3,12.66,CA,1596058803
96,mount gambier,-37.83,140.77,39.2,93,40,4.7,AU,1596058760
97,mahibadhoo,3.78,72.97,82.54,76,98,16.82,MV,1596058775
98,avarua,-21.21,-159.78,73.4,69,51,8.05,CK,1596058764
99,santiago del estero,-27.8,-64.26,55.76,35,69,8.43,AR,1596058996
100,auki,-8.77,160.7,82.6,74,93,2.75,SB,1596059091
101,longyearbyen,78.22,15.64,55.4,76,20,6.93,SJ,1596058787
102,svetlogorsk,52.63,29.73,60.98,94,10,4.9,BY,1596059092
103,kamenka,51.32,42.77,69.01,57,17,8.05,RU,1596059092
104,khatanga,71.97,102.5,57.85,64,100,12.44,RU,1596058749
105,codrington,-38.27,141.97,45.05,87,46,5.44,AU,1596059092
106,port elizabeth,-33.92,25.57,59.0,67,0,10.29,ZA,1596058767
107,luderitz,-26.65,15.16,57.2,71,0,10.29,NA,1596058834
108,palmer,42.16,-72.33,91.4,26,20,10.29,US,1596058824
109,soyo,-6.13,12.37,72.37,82,25,8.14,AO,1596058819
110,saint-philippe,-21.36,55.77,69.8,88,40,2.24,RE,1596058786
111,aykhal,66.0,111.5,50.0,76,100,6.71,RU,1596058842
112,lebu,-37.62,-73.65,45.91,71,100,2.77,CL,1596058793
113,cabo san lucas,22.89,-109.91,87.01,42,75,11.41,MX,1596058599
114,gamba,-2.65,10.0,72.64,81,19,8.75,GA,1596058816
115,bulawayo,-20.15,28.58,51.26,57,0,6.4,ZW,1596059094
116,airai,-8.93,125.41,52.07,62,41,3.53,TL,1596058753
117,yeppoon,-23.13,150.73,48.2,93,0,6.06,AU,1596059095
118,my tho,10.35,106.35,78.8,88,40,2.24,VN,1596059095
119,lamu,-2.27,40.9,76.5,85,36,16.98,KE,1596059095
120,qui nhon,13.77,109.23,79.07,82,72,6.04,VN,1596059095
121,barcelos,41.54,-8.62,73.99,88,0,0.43,PT,1596059095
122,road town,18.42,-64.62,80.01,96,99,11.01,VG,1596058907
123,punta arenas,-53.15,-70.92,39.2,80,75,11.41,CL,1596058653
124,goulburn,-34.75,149.72,43.0,97,100,3.69,AU,1596059096
125,henties bay,-22.12,14.28,57.0,88,0,5.91,NA,1596058786
126,kupang,-10.17,123.58,71.6,78,20,5.82,ID,1596058915
127,jiayuguan,39.82,98.3,67.23,42,0,1.3,CN,1596058759
128,antalaha,-14.9,50.28,68.83,83,4,7.99,MG,1596059097
129,salalah,17.02,54.09,80.6,100,75,5.82,OM,1596059097
130,komsomolskiy,40.43,71.72,77.0,44,0,4.7,UZ,1596058849
131,guerrero negro,27.98,-114.06,80.47,52,3,16.62,MX,1596058751
132,hasaki,35.73,140.83,68.0,94,75,8.05,JP,1596058765
133,carroll,39.55,-77.02,95.0,32,1,6.93,US,1596059098
134,prince rupert,54.32,-130.32,68.0,56,1,5.82,CA,1596058801
135,panalingaan,8.78,117.42,79.72,84,90,6.53,PH,1596059098
136,buri,-23.8,-48.59,56.57,85,92,11.41,BR,1596058883
137,sosnogorsk,63.6,53.88,51.01,69,0,3.6,RU,1596059098
138,port alfred,-33.59,26.89,57.72,73,0,14.97,ZA,1596058758
139,kaeo,-35.1,173.78,59.0,3,100,5.01,NZ,1596059099
140,atuona,-9.8,-139.03,78.87,76,8,20.67,PF,1596058755
141,ogulin,45.27,15.23,78.8,65,3,4.7,HR,1596059099
142,harper,4.38,-7.72,75.38,86,77,10.38,LR,1596059100
143,viedma,-40.81,-63.0,45.0,60,77,8.75,AR,1596059100
144,rafai,4.95,23.92,67.93,96,97,1.57,CF,1596059100
145,erzincan,39.75,39.5,69.8,56,0,13.87,TR,1596058952
146,juliaca,-15.5,-70.13,55.17,36,0,9.44,PE,1596059048
147,san roque,36.21,-5.38,77.0,88,2,13.87,ES,1596059100
148,roma,43.21,-75.46,75.2,73,1,6.93,US,1596058684
149,charters towers,-20.1,146.27,57.29,56,0,10.6,AU,1596059101
150,thompson,55.74,-97.86,75.2,53,40,6.93,CA,1596058749
151,narsaq,60.92,-46.05,57.2,71,40,10.29,GL,1596058801
152,grand gaube,-20.01,57.66,71.01,77,47,3.0,MU,1596058751
153,coxim,-18.51,-54.76,81.25,41,59,10.31,BR,1596059102
154,pevek,69.7,170.31,37.06,92,100,3.83,RU,1596058783
155,chinhoyi,-17.37,30.2,52.16,67,6,0.65,ZW,1596059102
156,havelock,34.88,-76.9,82.99,88,20,6.93,US,1596058951
157,olafsvik,64.89,-23.71,51.42,81,83,3.74,IS,1596058793
158,hailey,43.52,-114.32,80.6,36,40,10.29,US,1596059103
159,nome,64.5,-165.41,50.0,87,90,10.29,US,1596058766
160,sao felix do xingu,-6.64,-51.99,78.87,40,3,1.81,BR,1596059103
161,alekseyevsk,57.84,108.35,52.88,79,100,7.99,RU,1596059103
162,ilulissat,69.22,-51.1,44.6,75,20,4.7,GL,1596058835
163,mogadishu,2.04,45.34,77.04,87,10,15.82,SO,1596059026
164,pacific grove,36.62,-121.92,71.6,56,1,9.17,US,1596059104
165,longido,-2.73,36.68,62.17,74,2,10.4,TZ,1596059104
166,ketchikan,55.34,-131.65,64.4,68,1,9.17,US,1596058860
167,ugoofaaru,5.67,73.0,82.58,78,100,16.11,MV,1596058793
168,haines junction,60.75,-137.51,71.71,45,47,3.44,CA,1596059105
169,dawei,14.08,98.2,77.11,87,100,2.28,MM,1596058770
170,niesky,51.29,14.82,60.01,77,43,2.48,DE,1596059105
171,itarema,-2.92,-39.92,78.19,77,2,13.85,BR,1596059105
172,houma,29.6,-90.72,90.0,66,40,9.06,US,1596059105
173,obama,35.5,135.75,77.0,98,82,1.01,JP,1596059106
174,povoa de santo adriao,38.8,-9.17,73.4,77,20,11.41,PT,1596059106
175,itoman,26.12,127.67,84.2,83,40,6.93,JP,1596058838
176,praia da vitoria,38.73,-27.07,77.0,78,40,16.91,PT,1596059106
177,roebourne,-20.78,117.13,66.29,38,0,10.78,AU,1596058806
178,rio blanco,18.83,-97.15,73.22,69,99,6.35,MX,1596059107
179,tuatapere,-46.13,167.68,53.11,75,100,7.67,NZ,1596059107
180,zhuhai,22.28,113.57,84.99,83,20,10.29,CN,1596058813
181,creel,27.75,-107.63,76.42,39,66,13.58,MX,1596059107
182,isangel,-19.55,169.27,77.05,71,74,15.08,VU,1596058763
183,sobolevo,54.43,31.9,58.5,94,27,8.5,RU,1596059107
184,moscow,55.75,37.62,70.0,82,99,2.24,RU,1596058994
185,laguna,38.42,-121.42,97.0,17,5,3.36,US,1596058824
186,sai buri,6.7,101.62,77.79,81,100,3.49,TH,1596059108
187,machilipatnam,16.17,81.13,82.98,84,100,5.84,IN,1596059108
188,indianola,41.36,-93.56,80.01,75,100,3.33,US,1596059108
189,hofn,64.25,-15.21,51.85,81,16,2.26,IS,1596058752
190,rancho palos verdes,33.74,-118.39,73.99,73,20,16.11,US,1596059109
191,qaanaaq,77.48,-69.36,43.57,67,1,3.36,GL,1596058754
192,koungou,-12.73,45.2,75.2,88,0,13.87,YT,1596059109
193,port keats,-14.25,129.55,58.44,35,0,11.74,AU,1596059109
194,yellowknife,62.46,-114.35,71.01,56,75,10.29,CA,1596058783
195,bengkulu,-3.8,102.27,73.45,90,82,4.18,ID,1596058770
196,hithadhoo,-0.6,73.08,82.13,80,57,16.06,MV,1596058757
197,cayenne,4.93,-52.33,86.0,66,54,6.93,GF,1596058596
198,filadelfia,39.95,-75.16,93.99,29,20,8.05,US,1596058958
199,nadvoitsy,63.87,34.32,58.5,96,100,5.32,RU,1596059110
200,kaitangata,-46.28,169.85,48.0,78,100,4.0,NZ,1596058753
201,san ramon de la nueva oran,-23.13,-64.33,61.0,39,0,3.4,AR,1596059111
202,kralendijk,12.15,-68.27,86.0,74,75,10.29,BQ,1596059111
203,wilmington,34.23,-77.94,84.99,83,75,3.36,US,1596058927
204,lorengau,-2.02,147.27,82.8,67,23,4.7,PG,1596058773
205,souillac,-20.52,57.52,71.6,83,40,10.29,MU,1596058795
206,tay ninh,11.3,106.1,77.2,90,100,1.72,VN,1596059112
207,takoradi,4.88,-1.76,74.73,88,86,9.75,GH,1596059112
208,sorong,-0.88,131.25,77.25,89,81,13.51,ID,1596059112
209,bredasdorp,-34.53,20.04,59.0,77,1,9.17,ZA,1596058599
210,coruripe,-10.13,-36.18,74.28,79,48,12.21,BR,1596059113
211,new norfolk,-42.78,147.06,46.0,80,19,3.0,AU,1596058767
212,saint anthony,45.02,-93.22,84.0,39,20,8.05,US,1596058843
213,selikhino,50.37,137.5,72.59,92,68,11.86,RU,1596059113
214,maun,-19.98,23.42,54.23,42,0,4.81,BW,1596058792
215,puerto escondido,15.85,-97.07,84.56,74,69,7.07,MX,1596059114
216,lovozero,68.0,35.01,46.72,86,0,7.29,RU,1596059114
217,severo-kurilsk,50.68,156.12,54.66,85,97,13.27,RU,1596058781
218,saint george,37.1,-113.58,106.0,7,1,9.17,US,1596058565
219,abu samrah,35.3,37.18,81.1,30,0,5.08,SY,1596059115
220,cap malheureux,-19.98,57.61,71.01,77,44,3.0,MU,1596058829
221,hastings,50.86,0.57,61.0,77,45,5.82,GB,1596058987
222,georgetown,5.41,100.34,80.6,88,20,2.24,MY,1596058513
223,yurginskoye,56.82,67.39,50.47,70,92,6.46,RU,1596059115
224,ciudad guayana,8.35,-62.65,87.01,71,43,5.01,VE,1596059115
225,leshukonskoye,64.9,45.76,55.42,64,50,6.62,RU,1596058768
226,raahe,64.68,24.48,62.6,82,100,11.41,FI,1596059116
227,ishigaki,24.34,124.16,84.2,94,75,11.41,JP,1596059116
228,qinzhou,21.95,108.62,81.75,85,48,4.61,CN,1596059116
229,mahajanga,-15.72,46.32,73.38,73,57,1.03,MG,1596059117
230,krasnozerskoye,53.98,79.24,51.49,94,0,9.98,RU,1596059117
231,constitucion,-35.33,-72.42,50.7,67,98,4.32,CL,1596058818
232,senanga,-16.12,23.27,55.53,45,0,4.12,ZM,1596059117
233,mae hong son,19.3,97.97,72.09,88,91,0.72,TH,1596059118
234,sioux lookout,50.1,-91.92,71.6,60,75,5.82,CA,1596059118
235,mama,58.31,112.9,60.75,77,91,3.36,RU,1596059118
236,san patricio,19.22,-104.7,89.6,75,75,11.41,MX,1596058788
237,esperance,-33.87,121.9,48.2,87,0,12.75,AU,1596058774
238,cherskiy,68.75,161.3,47.88,62,15,15.12,RU,1596058750
239,podgornoye,51.73,39.15,75.2,36,61,6.71,RU,1596059119
240,cidreira,-30.18,-50.21,46.67,74,0,5.77,BR,1596058758
241,hambantota,6.12,81.12,79.27,81,84,18.61,LK,1596058815
242,kungurtug,50.6,97.52,47.23,83,0,1.57,RU,1596059119
243,avera,33.19,-82.53,89.6,66,90,12.75,US,1596058801
244,balakhninskiy,58.01,114.28,58.82,80,88,5.17,RU,1596059120
245,riyadh,24.69,46.72,95.0,28,33,2.24,SA,1596058997
246,bemidji,47.47,-94.88,79.0,47,40,5.82,US,1596058875
247,kedainiai,55.29,23.97,57.2,76,8,1.12,LT,1596059121
248,tumut,-35.3,148.22,41.47,86,92,1.07,AU,1596059121
249,saint-joseph,-21.37,55.62,66.2,88,20,4.7,RE,1596059121
250,port hardy,50.7,-127.42,64.4,63,40,5.82,CA,1596058751
251,gazanjyk,39.24,55.52,90.25,19,49,12.71,TM,1596059122
252,christchurch,-43.53,172.63,52.0,100,54,5.82,NZ,1596058647
253,igrim,63.19,64.42,47.57,72,90,1.7,RU,1596059122
254,gerash,27.67,54.14,89.6,40,40,3.58,IR,1596059122
255,la ronge,55.1,-105.28,86.0,40,40,6.93,CA,1596058811
256,husavik,66.04,-17.34,53.6,71,99,10.29,IS,1596058853
257,eenhana,-17.47,16.33,60.8,36,0,1.12,NA,1596059123
258,lloydminster,53.28,-110.0,80.6,65,20,10.29,CA,1596059123
259,dunedin,-45.87,170.5,48.0,77,99,3.0,NZ,1596058692
260,port blair,11.67,92.75,81.23,81,98,15.43,IN,1596058631
261,opuwo,-18.06,13.84,57.92,35,0,8.39,NA,1596058813
262,anadyr,64.75,177.48,53.6,87,75,2.24,RU,1596058826
263,mazagao,-0.12,-51.29,87.8,66,40,9.17,BR,1596059124
264,moerai,-22.43,-151.33,70.16,90,100,17.98,PF,1596059124
265,misratah,32.38,15.09,79.56,68,0,9.4,LY,1596058965
266,srednekolymsk,67.45,153.68,51.44,60,94,11.45,RU,1596059125
267,china,25.7,-99.23,83.68,69,100,16.62,MX,1596059125
268,la libertad,-2.23,-80.9,71.6,83,90,6.93,EC,1596059125
269,porto novo,6.5,2.6,77.0,88,20,9.17,BJ,1596058848
270,kavieng,-2.57,150.8,82.9,68,1,4.72,PG,1596058809
271,svetlaya,46.54,138.33,73.71,79,0,2.95,RU,1596058772
272,punto fijo,11.7,-70.2,85.33,67,56,16.75,VE,1596058906
273,palafrugell,41.92,3.16,75.0,53,0,4.47,ES,1596059126
274,lokosovo,61.13,74.82,46.71,91,0,2.91,RU,1596059126
275,carlos chagas,-17.7,-40.77,71.31,62,0,4.54,BR,1596059126
276,rincon,32.3,-81.24,79.0,94,75,6.93,US,1596058702
277,tshikapa,-6.42,20.8,73.89,31,0,1.92,CD,1596058761
278,tikapur,28.5,81.13,77.0,89,100,3.13,NP,1596059127
279,shingu,33.73,135.98,76.95,90,26,2.39,JP,1596058794
280,diapaga,12.07,1.79,78.76,75,8,4.79,BF,1596059127
281,saldanha,-33.01,17.94,50.0,87,0,2.24,ZA,1596058812
282,sao filipe,14.9,-24.5,77.9,85,38,5.06,CV,1596058769
283,nuevo laredo,27.48,-99.52,93.2,59,75,8.05,MX,1596059128
284,quatre cocos,-20.21,57.76,71.6,83,40,10.29,MU,1596058800
285,ulladulla,-35.35,150.47,48.99,93,0,9.17,AU,1596059128
286,chuy,-33.7,-53.46,43.79,79,0,2.28,UY,1596058798
287,gigmoto,13.78,124.39,80.2,82,100,7.0,PH,1596059129
288,gladstone,-23.85,151.25,51.8,81,0,4.7,AU,1596059129
289,bilibino,68.05,166.44,51.22,47,84,5.17,RU,1596059129
290,hoquiam,46.98,-123.89,69.8,60,1,12.75,US,1596059129
291,khovu-aksy,51.13,93.6,53.22,73,42,3.89,RU,1596059130
292,nanortalik,60.14,-45.24,46.83,89,60,8.34,GL,1596058828
293,wajima,37.4,136.9,74.62,85,47,1.34,JP,1596059130
294,hualmay,-11.1,-77.61,64.2,70,9,8.93,PE,1596058833
295,marsh harbour,26.54,-77.06,83.68,73,39,11.99,BS,1596059130
296,vardo,70.37,31.11,51.8,93,40,28.86,NO,1596058773
297,along,28.17,94.77,72.43,90,100,1.14,IN,1596058994
298,beira,-19.84,34.84,60.8,93,0,5.82,MZ,1596059131
299,clovis,36.83,-119.7,104.0,22,1,5.82,US,1596059002
300,chhata,27.72,77.5,80.89,86,59,6.44,IN,1596059131
301,mersing,2.43,103.84,75.2,100,100,4.7,MY,1596059132
302,burnie,-41.07,145.92,46.0,80,11,1.01,AU,1596059132
303,vizinga,61.07,50.1,58.32,95,98,2.91,RU,1596059132
304,fort payne,34.44,-85.72,86.0,66,75,9.17,US,1596059132
305,la mira,18.04,-102.33,86.23,66,61,6.15,MX,1596059133
306,pisco,-13.7,-76.22,64.4,72,8,8.05,PE,1596058773
307,padang,-0.95,100.35,77.29,74,99,4.29,ID,1596058840
308,labrea,-7.26,-64.8,86.02,47,24,2.19,BR,1596058932
309,merauke,-8.47,140.33,76.84,81,96,16.26,ID,1596059133
310,ancud,-41.87,-73.82,46.99,81,99,4.7,CL,1596058796
311,petauke,-14.24,31.33,60.15,69,16,8.46,ZM,1596059134
312,glendive,47.11,-104.71,87.8,38,20,8.05,US,1596059134
313,alofi,-19.06,-169.92,73.4,69,75,10.29,NU,1596058833
314,pandan,14.05,124.17,79.23,87,100,8.61,PH,1596059134
315,porto murtinho,-21.7,-57.88,59.47,36,74,8.16,BR,1596059134
316,general roca,-39.03,-67.58,53.6,40,5,2.98,AR,1596058676
317,jalu,29.03,21.55,81.84,25,0,2.89,LY,1596058761
318,parabel,58.7,81.48,52.65,94,100,12.71,RU,1596059135
319,bundaberg,-24.85,152.35,50.0,87,0,4.7,AU,1596059135
320,camacha,33.08,-16.33,69.8,77,75,12.75,PT,1596059135
321,torrington,41.8,-73.12,89.01,37,9,5.01,US,1596059136
322,cozumel,20.51,-86.95,88.0,66,75,14.99,MX,1596059136
323,manokwari,-0.87,134.08,78.98,70,45,3.76,ID,1596059136
324,kaya,13.09,-1.08,83.93,57,0,8.21,BF,1596059136
325,yashan,22.2,109.94,77.86,92,42,1.68,CN,1596059136
326,san pedro del parana,-26.83,-56.2,55.4,57,0,5.82,PY,1596059137
327,dong hoi,17.48,106.6,79.79,81,48,4.79,VN,1596059137
328,pokhara,28.23,83.98,70.9,81,97,0.51,NP,1596059137
329,west wendover,40.74,-114.07,91.4,18,1,9.17,US,1596059137
330,mushie,-3.02,16.9,85.5,40,100,3.18,CD,1596059137
331,lavrentiya,65.58,-171.0,49.53,83,93,10.69,RU,1596058760
332,presidencia roque saenz pena,-26.79,-60.44,48.9,50,26,5.57,AR,1596058971
333,kavaratti,10.57,72.64,81.75,78,100,17.27,IN,1596058855
334,yar-sale,66.83,70.83,50.65,78,96,6.4,RU,1596058757
335,massakory,13.0,15.73,85.82,54,27,11.36,TD,1596059138
336,ozinki,51.18,49.68,68.56,52,0,1.59,RU,1596059139
337,kawalu,-7.38,108.21,64.36,91,13,1.3,ID,1596059139
338,santa ines,-3.67,-45.38,78.62,59,0,2.13,BR,1596059139
339,bonthe,7.53,-12.51,76.51,84,97,10.83,SL,1596059139
340,namibe,-15.2,12.15,62.83,82,84,6.06,AO,1596058795
341,agirish,61.92,63.02,49.3,92,100,6.53,RU,1596059140
342,juneau,58.3,-134.42,64.4,63,1,11.41,US,1596059140
343,vila velha,-20.33,-40.29,79.0,73,20,4.7,BR,1596058777
344,vissenbjerg,55.38,10.14,57.2,76,66,5.82,DK,1596059140
345,ruwi,23.6,58.55,100.4,27,51,3.36,OM,1596059140
346,vinh,18.67,105.67,79.2,81,25,4.09,VN,1596059141
347,iqaluit,63.75,-68.51,71.6,43,40,21.92,CA,1596058858
348,port lincoln,-34.73,135.87,51.04,87,0,3.98,AU,1596059141
349,cortez,37.35,-108.59,91.4,14,1,13.91,US,1596059141
350,tumwater,47.01,-122.91,86.0,28,1,8.05,US,1596059076
351,saint-francois,46.42,3.91,68.0,56,0,2.24,FR,1596059142
352,karratha,-20.74,116.85,66.42,44,0,10.11,AU,1596058785
353,santa cruz,-17.8,-63.17,68.0,30,75,13.87,BO,1596058958
354,mirnyy,62.54,113.96,46.4,93,64,8.95,RU,1596059142
355,atasu,48.68,71.64,58.26,59,0,5.55,KZ,1596059142
356,sabang,5.89,95.32,82.49,76,100,6.26,ID,1596059143
357,gorom-gorom,14.44,-0.24,92.01,39,0,7.18,BF,1596059143
358,goya,-29.14,-59.26,45.57,61,0,5.12,AR,1596058968
359,tammisaari,59.97,23.43,55.99,93,0,10.11,FI,1596059143
360,inuvik,68.35,-133.72,50.0,87,75,5.82,CA,1596059143
361,teguldet,57.31,88.17,56.75,97,100,3.8,RU,1596058762
362,naryan-mar,67.67,53.09,45.37,91,60,8.08,RU,1596059144
363,rovaniemi,66.5,25.72,60.8,63,100,11.41,FI,1596059047
364,yulara,-25.24,130.99,44.6,42,0,9.17,AU,1596058792
365,kindu,-2.95,25.95,73.11,39,0,0.38,CD,1596059144
366,kieta,-6.22,155.63,82.54,69,81,1.52,PG,1596058829
367,gweru,-19.45,29.82,50.67,61,0,5.95,ZW,1596059145
368,te anau,-45.42,167.72,49.39,84,100,4.0,NZ,1596058789
369,agbor,6.25,6.19,71.49,94,96,3.85,NG,1596059145
370,lasa,46.62,10.7,64.4,88,20,2.24,IT,1596059145
371,karpogory,64.0,44.45,57.04,89,29,4.59,RU,1596059145
372,piacabucu,-10.41,-36.43,74.32,77,29,11.61,BR,1596059146
373,kemijarvi,66.71,27.43,56.95,75,100,8.97,FI,1596059146
374,manati,18.43,-66.49,82.4,78,75,14.99,PR,1596059146
375,graulhet,43.77,1.99,78.8,61,12,4.7,FR,1596059146
376,sao joao da barra,-21.64,-41.05,75.2,78,40,13.87,BR,1596059147
377,carutapera,-1.2,-46.02,76.95,86,0,4.27,BR,1596059147
378,moron,-34.65,-58.62,52.0,51,0,1.01,AR,1596059147
379,shimoda,34.67,138.95,64.99,96,100,1.01,JP,1596059147
380,mahebourg,-20.41,57.7,71.6,83,40,10.29,MU,1596058779
381,boa vista,2.82,-60.67,91.4,43,20,8.05,BR,1596059148
382,marsa matruh,31.35,27.25,77.0,78,0,2.93,EG,1596058823
383,shitkino,56.37,98.35,59.94,88,100,2.84,RU,1596059148
384,mapiripan,2.89,-72.13,81.61,83,90,3.33,CO,1596058862
385,vinh long,10.25,105.97,77.16,92,100,3.02,VN,1596059149
386,libertador general san martin,-23.81,-64.79,61.0,39,0,3.74,AR,1596059149
387,tigil,57.8,158.67,57.11,83,83,7.74,RU,1596059149
388,ambon,-3.7,128.18,79.0,83,40,8.05,ID,1596058916
389,nouadhibou,20.93,-17.03,71.6,83,1,18.34,MR,1596059149
390,cooma,-36.23,149.13,33.8,100,75,4.7,AU,1596059150
391,nantucket,41.28,-70.1,73.4,73,1,10.29,US,1596059150
392,seymchan,62.88,152.43,49.91,61,23,17.83,RU,1596059150
393,ust-kan,50.93,84.76,45.46,84,57,2.8,RU,1596059150
394,halkirk,52.28,-112.15,81.0,60,40,5.01,CA,1596059150
395,udachnyy,66.42,112.4,50.0,76,100,6.71,RU,1596059151
396,keetmanshoop,-26.58,18.13,64.4,25,0,8.05,NA,1596059151
397,payakumbuh,-0.22,100.63,69.06,85,96,1.05,ID,1596059151
398,florianopolis,-27.61,-48.5,55.4,50,40,13.87,BR,1596059151
399,dhidhdhoo,6.88,73.1,82.08,79,100,15.28,MV,1596059152
400,college,64.86,-147.8,64.99,55,75,6.93,US,1596058756
401,vestmannaeyjar,63.44,-20.27,52.56,86,16,4.59,IS,1596058781
402,grindavik,63.84,-22.43,50.0,87,75,8.05,IS,1596059152
403,sergeyevka,53.88,67.42,56.57,80,100,6.35,KZ,1596059152
404,puerto carreno,6.19,-67.49,78.8,83,40,6.93,CO,1596059152
405,shima,24.45,117.81,82.4,83,75,2.24,CN,1596059153
406,namatanai,-3.67,152.43,82.4,74,34,6.08,PG,1596058751
407,sohag,26.56,31.69,93.2,23,0,8.05,EG,1596059153
408,fomboni,-12.28,43.74,75.9,86,68,14.2,KM,1596059153
409,brae,60.4,-1.35,51.8,87,99,19.46,GB,1596059153
410,flinders,-34.58,150.86,52.0,87,0,1.01,AU,1596059154
411,mataram,-8.58,116.12,68.0,100,75,2.24,ID,1596058916
412,slave lake,55.28,-114.77,71.6,78,20,4.7,CA,1596058857
413,abha,18.22,42.51,64.4,100,40,8.05,SA,1596058893
414,yumen,40.28,97.2,64.44,36,0,3.24,CN,1596058854
415,moose factory,51.26,-80.61,66.2,77,75,5.82,CA,1596058851
416,tiszabercel,48.15,21.65,69.8,88,100,1.12,HU,1596059155
417,venustiano carranza,19.43,-99.1,69.8,49,90,10.29,MX,1596059155
418,tessalit,20.2,1.01,97.32,15,3,7.43,ML,1596058823
419,high level,58.52,-117.14,71.6,53,75,2.24,CA,1596059155
420,ciudad bolivar,8.12,-63.55,87.53,65,37,3.36,VE,1596059156
421,rawson,-43.3,-65.1,46.44,58,74,15.21,AR,1596058764
422,hobyo,5.35,48.53,77.76,83,14,20.89,SO,1596059156
423,cruzeiro do sul,-29.51,-51.99,45.0,84,0,0.78,BR,1596059156
424,phangnga,8.45,98.53,77.0,100,75,1.68,TH,1596059150
425,nalut,30.33,10.85,80.69,30,0,14.05,LY,1596059156
426,zaysan,47.47,84.87,58.35,67,100,2.33,KZ,1596059157
427,fare,-16.7,-151.02,79.65,76,100,19.69,PF,1596059157
428,kloulklubed,7.04,134.26,77.0,94,90,5.82,PW,1596059157
429,chernyshevskiy,63.01,112.47,52.3,83,0,6.8,RU,1596059157
430,karaman,37.08,33.25,66.4,36,0,4.9,TR,1596059158
431,meulaboh,4.14,96.13,78.19,76,98,3.31,ID,1596058852
432,gambela,8.25,34.58,69.58,90,95,3.11,ET,1596059158
433,taga,46.95,24.05,71.6,83,1,3.36,RO,1596059158
434,sambava,-14.27,50.17,69.85,85,4,12.48,MG,1596059158
435,homer,59.64,-151.55,66.99,72,1,14.99,US,1596058950
436,acajutla,13.59,-89.83,89.6,40,40,3.36,SV,1596059159
437,vostok,46.49,135.88,68.81,88,1,1.36,RU,1596058831
438,careiro da varzea,-3.2,-59.81,91.4,46,20,5.82,BR,1596059159
439,marzuq,14.4,46.47,79.38,58,4,2.82,YE,1596058836
440,sechura,-5.56,-80.82,71.89,54,7,16.67,PE,1596059160
441,yanam,16.73,82.22,80.19,89,100,4.38,IN,1596059160
442,changping,40.22,116.22,82.99,90,66,3.0,CN,1596059160
443,hartselle,34.44,-86.94,87.8,66,40,3.36,US,1596059160
444,ranong,9.97,98.63,80.71,79,96,5.97,TH,1596059161
445,nyaunglebin,17.95,96.73,74.95,92,100,2.77,MM,1596059161
446,hami,42.8,93.45,78.75,19,92,7.58,CN,1596059161
447,bubaque,11.28,-15.83,78.51,86,100,20.15,GW,1596058811
448,dubbo,-32.25,148.62,33.8,100,90,1.12,AU,1596058815
449,nemuro,43.32,145.57,62.37,90,3,11.56,JP,1596058805
450,kosterevo,55.93,39.61,64.44,95,100,7.4,RU,1596059162
451,yarkovo,57.4,67.08,50.25,76,93,4.81,RU,1596059162
452,henderson,36.04,-114.98,109.99,5,1,4.7,US,1596059033
453,zhigansk,66.77,123.37,49.48,64,0,20.92,RU,1596059162
454,kohat,33.58,71.45,87.8,70,40,11.41,PK,1596059162
455,roura,4.73,-52.33,84.2,70,58,5.82,GF,1596059163
456,gat,31.61,34.76,82.99,57,0,0.78,IL,1596058705
457,lander,42.83,-108.73,81.0,30,90,6.93,US,1596059163
458,athabasca,54.72,-113.29,78.96,57,27,4.03,CA,1596059163
459,bitung,1.45,125.18,75.2,94,40,2.24,ID,1596058806
460,voghera,44.99,9.01,77.0,71,26,3.56,IT,1596059164
461,kurilsk,45.23,147.88,60.39,82,39,5.32,RU,1596059164
462,puerto suarez,-18.95,-57.8,68.0,37,73,13.87,BO,1596059164
463,vangaindrano,-23.35,47.6,66.11,93,76,6.38,MG,1596059164
464,ballina,-28.87,153.57,54.0,87,11,9.17,AU,1596059165
465,tautira,-17.73,-149.15,82.4,69,75,19.46,PF,1596058795
466,muravlenko,63.79,74.52,46.54,97,44,7.99,RU,1596059165
467,mujiayingzi,42.12,118.78,69.76,79,42,9.08,CN,1596059165
468,dingle,11.0,122.67,76.28,90,76,7.09,PH,1596058754
469,chambery,45.57,5.93,71.6,73,5,1.12,FR,1596059165
470,vaitape,-16.52,-151.75,80.38,77,100,18.84,PF,1596059166
471,eydhafushi,5.1,73.07,82.72,78,100,16.42,MV,1596059081
472,kerikeri,-35.23,173.95,59.0,3,100,5.01,NZ,1596059166
473,catuday,16.29,119.81,79.68,84,100,5.46,PH,1596059166
474,karakol,42.49,78.39,50.36,79,73,3.6,KG,1596058889
475,alugan,12.22,125.48,77.95,85,100,4.43,PH,1596059166
476,turukhansk,65.82,87.98,58.89,81,96,11.43,RU,1596058830
477,aklavik,68.22,-135.01,53.6,81,75,3.36,CA,1596059167
478,krylovskaya,46.32,39.97,71.8,48,1,6.38,RU,1596059167
479,pingliang,35.54,106.69,62.83,83,0,1.48,CN,1596059167
480,madison,34.73,-86.57,89.01,62,90,4.7,US,1596059054
481,broken hill,-31.95,141.43,42.8,81,90,4.7,AU,1596059167
482,sangar,63.92,127.47,57.99,71,0,2.21,RU,1596058764
483,beroroha,-21.67,45.17,63.72,79,16,2.17,MG,1596059168
484,trnava,48.38,17.59,73.4,82,41,4.7,SK,1596058953
485,los llanos de aridane,28.66,-17.92,73.4,73,20,16.11,ES,1596059168
486,sulangan,11.14,123.72,83.7,73,100,10.63,PH,1596059168
487,hilton head island,32.22,-80.75,88.0,66,1,12.75,US,1596058904
488,ixtapa,20.7,-105.2,88.0,70,75,6.93,MX,1596058799
489,chapada dos guimaraes,-15.46,-55.75,84.2,37,61,9.17,BR,1596059169
490,cockburn town,21.46,-71.14,86.0,70,20,18.34,TC,1596058975
491,camargo,27.67,-105.17,90.63,27,35,8.5,MX,1596059169
492,faya,18.39,42.45,64.4,100,40,8.05,SA,1596059140
493,fukue,32.69,128.84,80.49,89,0,7.45,JP,1596059170
494,rocha,-34.48,-54.33,41.4,81,0,1.59,UY,1596058946
495,nabire,-3.37,135.48,75.07,86,20,3.4,ID,1596059170
496,maiduguri,11.85,13.16,81.25,68,86,13.8,NG,1596059170
497,wenling,28.37,121.36,84.0,51,10,1.41,CN,1596059171
498,svencionys,55.15,26.17,53.06,87,10,7.38,LT,1596059171
499,lerik,38.77,48.41,80.6,61,75,3.36,AZ,1596059171
500,dolinsk,47.35,142.8,60.8,93,75,2.24,RU,1596059171
501,yambio,4.57,28.4,66.33,95,31,1.39,SS,1596059172
502,lakes entrance,-37.88,147.98,46.99,93,32,10.63,AU,1596059172
503,kichera,55.94,110.1,66.36,75,100,5.06,RU,1596059172
504,alta floresta,-9.88,-56.09,93.2,20,40,5.82,BR,1596058790
505,saint-ambroise,48.55,-71.33,62.6,93,90,2.24,CA,1596059172
506,kyren,51.68,102.14,59.83,84,100,1.95,RU,1596059172
507,northam,51.03,-4.22,60.01,88,95,4.92,GB,1596059173
508,biak,-0.91,122.88,75.4,84,100,8.9,ID,1596058831
509,adrar,20.5,-10.07,95.09,27,28,11.05,MR,1596058811
510,teya,60.38,92.63,56.66,86,98,3.51,RU,1596059173
511,novobelokatay,55.71,58.95,57.34,93,37,6.55,RU,1596059173
512,linda,39.13,-121.55,95.0,24,1,5.82,US,1596059174
513,longkou,37.65,120.33,74.62,81,0,9.26,CN,1596059174
514,yerbogachen,61.28,108.01,53.44,84,91,8.7,RU,1596058763
515,aden,12.78,45.04,88.57,69,2,8.75,YE,1596058986
516,carndonagh,55.25,-7.27,52.07,93,100,8.23,IE,1596059174
517,puerto narino,-3.77,-70.38,82.4,74,75,5.82,CO,1596059175
518,coquimbo,-29.95,-71.34,57.2,76,1,9.17,CL,1596058759
519,tilichiki,60.47,166.1,53.46,93,100,1.41,RU,1596059175
520,ewa beach,21.32,-158.01,86.0,45,1,8.05,US,1596059176
521,santo tomas,14.11,121.14,77.0,100,100,1.74,PH,1596059176
522,hamilton,39.18,-84.53,91.99,46,40,4.7,US,1596059176
523,presidente medici,-11.18,-61.9,85.57,34,9,3.76,BR,1596059177
524,tocopilla,-22.09,-70.2,62.47,54,11,3.27,CL,1596059177
525,saint john,45.27,-66.07,82.0,57,75,11.41,CA,1596059164
526,mount isa,-20.73,139.5,59.0,41,0,10.29,AU,1596058829
527,tamandare,-8.76,-35.1,75.52,76,96,14.63,BR,1596059177
528,pangnirtung,66.15,-65.71,53.6,87,75,4.7,CA,1596059177
529,torbay,47.67,-52.73,57.99,87,40,5.82,CA,1596058516
530,el alto,-4.27,-81.21,65.8,70,5,15.75,PE,1596059178
531,westport,41.14,-73.36,87.8,52,1,12.75,US,1596059178
532,muhos,64.81,25.99,62.6,82,100,11.41,FI,1596059179
533,sinegorye,62.08,150.48,47.08,60,97,11.48,RU,1596059179
534,voskresenskoye,56.84,45.43,63.3,94,87,6.73,RU,1596059179
535,hovd,48.01,91.64,61.95,49,11,7.78,MN,1596058829
536,guarapari,-20.67,-40.5,79.0,80,1,4.0,BR,1596059180
537,bereda,43.27,-7.54,64.99,99,40,3.0,ES,1596059180
538,reyes,-14.32,-67.38,67.12,62,52,3.51,BO,1596059180
539,kulunda,52.57,78.94,54.9,87,7,8.39,RU,1596059180
540,nouakchott,18.09,-15.98,80.6,69,75,17.22,MR,1596059181
541,san felipe,10.34,-68.74,80.19,84,100,4.03,VE,1596059181
542,port macquarie,-31.43,152.92,55.99,85,15,13.29,AU,1596059181
543,ust-ilimsk,58.0,102.66,55.63,92,100,4.32,RU,1596059181
544,arak,34.09,49.69,74.62,29,68,1.07,IR,1596059182
545,katsina,12.99,7.6,82.18,64,14,13.11,NG,1596059182
546,canto do buriti,-8.11,-42.94,78.28,47,0,6.69,BR,1596059182
547,dongsheng,39.82,109.98,72.23,56,100,14.97,CN,1596059182
548,altay,47.87,88.12,58.78,52,85,2.46,CN,1596058837
549,colares,38.8,-9.45,70.0,77,0,15.01,PT,1596059183
550,leningradskiy,69.38,178.42,43.0,70,16,12.62,RU,1596058766
551,mehamn,71.04,27.85,53.6,81,0,10.29,NO,1596058770
552,nyurba,63.28,118.33,52.43,81,15,3.69,RU,1596058785
553,qaqortoq,60.72,-46.03,57.2,71,40,10.29,GL,1596058824
554,colesberg,-30.72,25.1,46.69,50,0,8.14,ZA,1596059183
555,zhezkazgan,47.8,67.71,65.48,43,93,6.69,KZ,1596059184
556,sechelt,49.47,-123.77,75.0,51,0,1.99,CA,1596059037
557,dali,25.7,100.18,62.22,86,100,4.18,CN,1596059184
558,komsomolsk,49.01,33.65,74.84,53,57,9.08,UA,1596059184
559,baicheng,45.62,122.82,70.07,84,27,4.92,CN,1596059185
560,omboue,-1.57,9.26,74.48,79,99,8.63,GA,1596058820
561,haverfordwest,51.8,-4.97,61.0,82,100,9.17,GB,1596059185
562,san luis,-33.3,-66.34,50.9,44,0,6.82,AR,1596058921
